{"slope": 2.461874809975082, "intercept": -4561.3674820094}