{"ab_method": {"chi2_min": 11.108335190252674, "params_min": [1.0810556444952704, -0.45602513421849195, -4.079408717952465, -0.023387647881559802, 1.538449580465421, -0.06570042166401484]}, "new_coef_H2O": {"chi2_min": 12.396545843185832, "params_min": [1.2259714350332425, 0.7671142852185028, 0.7930285648175701, 1.2259714281510485, 1.206600007148667, 0.7911714279835457, 0.7424285659672438, 1.2065999997843704, 2.8619052159850032e-05, 9.238415280318115e-07, 1.996227829923653e-06, -1.8614303766962793e-07, 2.7051843455632827e-05, 8.725156550523077e-07, 2.6809932237396545e-06, -7.240857116831066e-08]}, "new_coef": {"chi2_min": 12.442885621967129, "params_min": [1.2259714420284984, 0.7671142967587148, 0.7930285583601175, 1, 1.2066000133723687, 0.7911714524727328, 0.7424285977407847, 1, 2.8572448982339873e-05, 1.0600372574918326e-06, 2.278493002561376e-06, 0, 2.6920259615042456e-05, 7.668481692938661e-07, 3.3335843935803753e-06, 0]}}