{"ab_method": {"chi2_min": 10.92034279710146, "params_min": [1.0122138276667163, -0.45782963095564644, -4.081931961818475, -0.0024168469796004006, 1.5136292722083302, -0.12514173809435863]}, "new_coef": {"chi2_min": 11.395294253108013, "params_min": [1.225970930704249, 0.7671140508850761, 0.7930283198187867, 1.2065993607532386, 0.7911710188231649, 0.7424280909490085, 3.057679761762964e-05, -6.060549556691366e-06, 2.8278808819596034e-07, 2.6099815640896998e-05, -1.1329801918570074e-05, 4.52939165316863e-06]}, "new_coef_H2O": {"chi2_min": 10.717966220308789, "params_min": [1.225971110042217, 0.7671142539995356, 0.7930284699554233, 1.225971450041754, 1.2065984800449807, 0.7911714189944826, 0.7424284939630744, 1.2066000200446603, 4.296244061531405e-05, 6.512144738736086e-07, 2.043735755927736e-07, -7.393964849778368e-07, 2.183470528406094e-05, -2.2796259628179485e-06, 2.8931517086366196e-06, 2.8214285958443617e-07]}}
